Name,Phone,Email
eeee,55555555,ganoosh36@gmail.com
eeee,55555555,ganoosh36@gmail.com
eeee,55555555,tripleg31@ouylook.com
eeee,55555555,tripleg31@outlook.com
eeee,55555555,tripleg31@outlook.com
hhh,55555555,ganoosh36@gmail.com
eeee,55555555,ganoosh36@gmail.com
eeee,55555555,ganoosh36@gmail.com
eeee,55555555,ganoosh36@gmail.com
hhh,55555555,ganoosh36@gmail.com
hhh,00000000000,ganoosh36@gmail.com
hhh,55555555,tripleg31@outlook.com
hhh,55555555,ganoosh36@gmail.com
hhh,00000000000,ganoosh36@gmail.com
eeee,00000000000,tripleg31@outlook.com
eeee,00000000000,tripleg31@outlook.com
eeee,00000000000,tripleg31@outlook.com
eeee,55555555,ganoosh36@gmail.com
eeee,55555555,ganoosh36@gmail.com
hhh,55555555,ganoosh36@gmail.com
eeee,55555555,ganoosh36@gmail.com
hhh,55555555,ganoosh36@gmail.com
hhh,55555555,ganoosh36@gmail.com
hhh,55555555,ganoosh36@gmail.com
eeee,55555555,ganoosh36@gmail.com
eeee,55555555,ganoosh36@gmail.com
eeee,55555555,ganoosh36@gmail.com
eeee,55555555,ganoosh36@gmail.com
eeee,55555555,ganoosh36@gmail.com
eeee,55555555,ganoosh36@gmail.com
eeee,00000000000,ganoosh36@gmail.com
eeee,00000000000,ganoosh36@gmail.com
eeee,00000000000,ganoosh36@gmail.com
eeee,00000000000,ganoosh36@gmail.com
hhh,00000000000,ganoosh36@gmail.com
hhh,00000000000,ganoosh36@gmail.com
hhh,588888,ganoosh36@gmail.com
hhh,00000000000,ganoosh26@gail.com
hhh,55555555,ganoosh36@gmail.com
hhh,55555555,ganoosh36@gmail.com
hhh,55555555,ganoosh36@gmail.com
eeee,55555555,ganoosh36@gmail.com
eeee,55555555,ganoosh36@gmail.com
eeee,55555555,ganoosh36@gmail.com
eeee,55555555,ganoosh36@gmail.com
eeee,55555555,ganoosh36@gmail.com
eeee,55555555,ganoosh36@gmail.com
eeee,55555555,ganoosh36@gmail.com
eeee,55555555,ganoosh36@gmail.com
eeee,55555555,ganoosh36@gmail.com
eeee,55555555,ganoosh36@gmail.com
eeee,55555555,ganoosh36@gmail.com
eeee,55555555,ganoosh36@gmail.com
eeee,55555555,ganoosh36@gmail.com
eeee,55555555,ganoosh36@gmail.com
eeee,55555555,ganoosh36@gmail.com
eeee,55555555,ganoosh36@gmail.com
eeee,55555555,ganoosh36@gmail.com
eeee,55555555,ganoosh36@gmail.com
eeee,55555555,ganoosh36@gmail.com
eeee,55555555,ganoosh36@gmail.com
eeee,00000000000,ganoosh36@gmail.com
eeee,55555555,ganoosh36@gmail.com
eeee,55555555,ganoosh36@gmail.com
hhh,00000000000,ganoosh36@gmail.com
eeee,00000000000,ganoosh36@gmail.com
eeee,55555555,tripleg31@outlook.com
eeee,55555555,ganoosh36@gmail.com
hhh,00000000000,ganoosh36@gmail.com
eeee,55555555,ganoosh36@gmail.com
eeee,55555555,ganoosh36@gmail.com
hhh,55555555,ganoosh36@gmail.com
eeee,55555555,ganoosh36@gmail.com
hhh,55555555,ganoosh36@gmail.com
hhh,55555555,ganoosh36@gmail.com
eeee,00000000000,ganoosh36@gmail.com
eeee,00000000000,ganoosh36@gmail.com
eeee,00000000000,ganoosh36@gmail.com
eeee,00000000000,ganoosh36@gmail.com
hhh,00000000000,tripleg31@outlook.com
hhh,55555555,tripleg31@outlook.com
hhh,00000000000,ganoosh36@gmail.com
hhh,55555555,tripleg31@outlook.com
hhh,55555555,ganoosh36@gmail.com
hhh,55555555,ganoosh36@gmail.com
eeee,55555555,ganoosh36@gmail.com
hhh,55555555,ganoosh36@gmail.com
ggggg,00000000000,tripleg31@outlook.com
hhh,55555555,ganoosh36@gmail.com
eeee,00000000000,ganoosh36@gmail.com
eeee,55555555,ganoosh36@gmail.com
eeee,55555555,ghanemgh43@gmail.com
eeee,55555555,ghanemgh43@gmail.com
hhh,55555555,ghanim@vibes.solutions
eeee,00000000000,tripleg31@outlook.com
eeee,00000000000,tripleg31@outlook.com
eeee,55555555,ghanim@vibes.solutions
hhh,55555555,tripleg31@ouylook.com
eeee,7777,ghanim@vibes.solutions
hhh,55555555,ghanim@vibes.solutions
hhh,55555555,tripleg31@ouylook.com
eeee,7777,tripleg31@ouylook.com
eeee,55555,ghanim@vibes.solutions
eeee,55555555,ghanemgh43@gmail.com
eeee,00000000000,ghanim@vibes.solutions
eeee,00000000000,ghanim@vibes.solutions
eeee,55555555,tech3arabicrm@gmail.com
hhh,00000000000,tripleg31@ouylook.com
eeee,55555555,ghanim@vibes.solutions
eeee,55555555,ghanim@vibes.solutions
eeee,55555555,ghanim@vibes.solutions
eeee,55555555,ghanim@vibes.solutions
eeee,55555555,ghanim@vibes.solutions
eeee,55555555,ghanim@vibes.solutions
eeee,55555555,ghanim@vibes.solutions
eeee,55555555,ghanim@vibes.solutions
eeee,55555555,ghanim@vibes.solutions
eeee,55555555,ghanim@vibes.solutions
eeee,55555555,ghanim@vibes.solutions
eeee,55555555,ghanim@vibes.solutions
eeee,55555555,ghanim@vibes.solutions
eeee,55555555,ghanim@vibes.solutions
eeee,55555555,ghanim@vibes.solutions
eeee,55555555,ghanim@vibes.solutions
eeee,55555555,ghanim@vibes.solutions
eeee,55555555,ghanim@vibes.solutions
eeee,55555555,ghanim@vibes.solutions
eeee,55555555,ghanim@vibes.solutions
eeee,55555555,ghanim@vibes.solutions
eeee,55555555,ghanim@vibes.solutions
hhh,55555555,ghanim@vibes.solutions
eeee,55555555,ghanim@vibes.solutions
eeee,55555555,ghanim@vibes.solutions
hhh,55555555,ghanim@vibes.solutions
eeee,55555555,ghanim@vibes.solutions
hhh,55555555,ghanim@vibes.solutions
hhh,55555555,ghanim@vibes.solutions
hhh,55555555,ghanim@vibes.solutions
eeee,55555555,ghanim@vibes.solutions
eeee,55555555,ghanim@vibes.solutions
hhh,55555555,ghanim@vibes.solutions
eeee,55555555,ghanim@vibes.solutions
eeee,00000000000,ghanim@vibes.solutions
eeee,00000000000,ghanim@vibes.solutions
hhh,55555555,tripleg31@outlook.com
eeee,55555555,tripleg31@outlook.com
eeee,55555555,tripleg31@outlook.com
eeee,55555555,tripleg31@outlook.com
eeee,55555555,tripleg31@ouylook.com
eeee,55555555,ghanim@vibes.solutions
eeee,55555555,ghanim@vibes.solutions
eeee,55555555,ghanim@vibes.solutions
eeee,55555555,ghanim@vibes.solutions
eeee,55555555,ghanim@vibes.solutions
hhh,55555555,ghanim@vibes.solutions
eeee,55555555,ghanim@vibes.solutions
eeee,55555555,ghanim@vibes.solutions
hhh,55555555,ghanim@vibes.solutions
eeee,55555555,ghanim@vibes.solutions
hhh,55555555,ghanim@vibes.solutions
hhh,55555555,ghanim@vibes.solutions
hhh,55555555,ghanim@vibes.solutions
hhh,55555555,ghanim@vibes.solutions
hhh,55555555,ghanim@vibes.solutions
hhh,55555555,ghanim@vibes.solutions
hhh,55555555,ghanim@vibes.solutions
hhh,55555555,ghanim@vibes.solutions
ggggg,55555555,ganoosh36@gmail.com
eeee,55555555,ganoosh36@gmail.com
eeee,55555555,ganoosh36@gmail.com
